{
     "TXT_NOTICE_ROOM_000_NR_0" : {
         "de" : "TXT_NOTICE_ROOM_000_NR_0"
    }
    ,"TXT_NOTICE_ROOM_110_NR_0" : {
         "de" : "TXT_NOTICE_ROOM_110_NR_0"
    }
    ,"TXT_ROOM_020" : {
         "de" : "TXT_ROOM_020"
    }
    ,"TXT_NOTICE_ROOM_010_NR_0" : {
         "de" : "TXT_NOTICE_ROOM_010_NR_0"
    }
    ,"TXT_ROOM_010" : {
         "de" : "TXT_ROOM_010"
    }
    ,"TXT_NOTICE_ROOM_020_NR_0" : {
         "de" : "TXT_NOTICE_ROOM_020_NR_0"
    }
    ,"TXT_ROOM_110" : {
         "de" : "TXT_ROOM_110"
    }
    ,"TXT_ROOM_000" : {
         "de" : "TXT_ROOM_000"
    }
    ,"TXT_ROOM_100" : {
         "de" : "TXT_ROOM_100"
    }
}