{
    "TXT_NOTICE_ROOM_000_NR_0" : {
        "de" : "Wer versteckt denn bitte seinen Ersatzschlüssel HINTER der Tür, die er öffnen soll? Ob der Pfeil Dich zum Schuldigen führt?"
   }
   ,"TXT_NOTICE_ROOM_110_NR_0" : {
        "de" : "Manchmal öffnet Säure verborgene Wege..."
   }
   ,"TXT_ROOM_020" : {
        "de" : "Schatzkammer"
   }
   ,"TXT_NOTICE_ROOM_010_NR_0" : {
        "de" : "Wenn Du bis jetzt noch nicht gespeichert hast... Bitte! Uhren sind nicht nur zum Zeit ablesen da."
   }
   ,"TXT_ROOM_100" : {
        "de" : "Schießübungen"
   }
   ,"TXT_NOTICE_ROOM_020_NR_0" : {
        "de" : "Sobald Du alle Schlüssel gesammelt hast, kannst Du Dich hier erfrischen. Der Schatz wartet auf Dich!"
   }
   ,"TXT_ROOM_110" : {
        "de" : "Irrgarten"
   }
   ,"TXT_ROOM_000" : {
        "de" : "Aller Anfang"
   }
   ,"TXT_ROOM_010" : {
        "de" : "Ausblick am Fluss"
   }
}